cons_B_type_AJ131208_copy1	25	T
cons_B_type_AJ131208_copy1	68	A
cons_B_type_AJ131208_copy1	106	G
cons_B_type_AJ131208_copy1	131	C
cons_B_type_AJ131208_copy1	150	G/T
cons_B_type_AJ131208_copy2	25	T/G/A
cons_B_type_AJ131208_copy2	68	A/-/C/T
cons_B_type_AJ131208_copy2	106	G/T/C
cons_B_type_AJ131208_copy2	131	C/A/T
cons_B_type_AJ131208_copy2	150	G/T/C
cons_J2_AJ130754|modified|19C-T|20A-G|63N-T|64N-A|65T-A|66G-T|67A-G|79A-G|80C-A|88T-G|89A-T|101T-G|102A-T|108T-G|109C-T|130N-C|138A-T|139TA|141C-A|142T-C|149A-G|150T-A|169G-T|170A-G	142	C/T
cons_D1_AJ130751	106	T
cons_W3_AJ130760	142	C/T
cons_R1_AJ130756	25	G
S1C12H3d.2_cons_th_0.50	158	A/C
S1C12H3d.7_cons_th_0.50	39	G/A/T
S1C12H3d.7_cons_th_0.50	47	C/T
S1C12H3d.7_cons_th_0.50	140	A/G
S1CMH1d.2_cons_th_0.50	150	A/T
S1CMH1d.4_cons_th_0.50	35	C/T
